review,label
"Great product, highly recommend.",Positive
"Works as advertised, excellent quality.",Positive
Impressed with the quality and performance. Fast shipping.,Positive
"Great product, highly recommend.",Positive
Decent for the price. Battery life is decent.,Neutral
Very satisfied with the purchase.,Positive
Good build and fast delivery. Setup was easy.,Positive
Works but has some minor issues. Fast shipping.,Neutral
Impressed with the quality and performance. Battery life is decent.,Positive
Good build and fast delivery.,Positive
"Exceeded my expectations, will buy again.",Positive
"It's okay, nothing special. Setup was easy.",Neutral
Good build and fast delivery. Battery life is decent.,Positive
"It's okay, nothing special.",Neutral
"Average product, meets basic needs.",Neutral
"Very disappointed, would not recommend. Battery life is decent.",Negative
"Average product, meets basic needs.",Neutral
"Works as advertised, excellent quality. Battery life is decent.",Positive
Love it — simple and reliable. Good packaging.,Positive
Fantastic! Value for money.,Positive
Good build and fast delivery. Good packaging.,Positive
"Great item, highly recommend.",Positive
Impressed with the quality and performance.,Positive
Love it — simple and reliable.,Positive
"It's okay, nothing special.",Neutral
Neither good nor bad.,Neutral
Very satisfied with the purchase.,Positive
Neither good nor bad.,Neutral
"Works as advertised, excellent quality.",Positive
"Solid product, does the job well. Battery life is decent.",Positive
"Five stars, no complaints.",Positive
"Works as advertised, excellent quality.",Positive
Neither good nor bad. Good packaging.,Neutral
"Terrible experience, stopped working after a week.",Negative
"Very disappointed, would not recommend.",Negative
"Five stars, no complaints. Setup was easy.",Positive
"Poor quality, not worth the price.",Negative
Neither good nor bad.,Neutral
"Exceeded my expectations, will buy again. Fast shipping.",Positive
"Exceeded my expectations, will buy again. Fast shipping.",Positive
I regret buying this product. Good packaging.,Negative
"Five stars, no complaints. Setup was easy.",Positive
Impressed with the quality and performance. Fast shipping.,Positive
Impressed with the quality and performance.,Positive
"It's okay, nothing special. Battery life is decent.",Neutral
"Exceeded my expectations, will buy again. Setup was easy.",Positive
Love it — simple and reliable. Fast shipping.,Positive
Works but has some minor issues. Fast shipping.,Neutral
"Poor quality, not worth the price. Setup was easy.",Negative
"It's okay, nothing special. Fast shipping.",Neutral
Love it — simple and reliable. Setup was easy.,Positive
"Great product, highly recommend.",Positive
"It's okay, nothing special. Setup was easy.",Neutral
"Average product, meets basic needs. Fast shipping.",Neutral
"Works as advertised, excellent quality.",Positive
"Solid product, does the job well. Fast shipping.",Positive
"Solid product, does the job well.",Positive
Good build and fast delivery. Setup was easy.,Positive
Love it — simple and reliable. Fast shipping.,Positive
"Solid item, does the job well.",Positive
Fantastic! Value for money. Battery life is decent.,Positive
Neither good nor bad. Setup was easy.,Neutral
Works but has some minor issues.,Neutral
"Five stars, no complaints. Fast shipping.",Positive
"Works as advertised, excellent quality.",Positive
Fantastic! Value for money.,Positive
Fantastic! Value for money.,Positive
"Terrible experience, stopped working after a week. Setup was easy.",Negative
Good build and fast delivery.,Positive
Love it — simple and reliable.,Positive
"Works as advertised, excellent quality.",Positive
"Great product, highly recommend.",Positive
Very satisfied with the purchase. Battery life is decent.,Positive
"It's okay, nothing special.",Neutral
"Works as advertised, excellent quality. Setup was easy.",Positive
"Average product, meets basic needs.",Neutral
Decent for the price. Battery life is decent.,Neutral
"Exceeded my expectations, will buy again. Fast shipping.",Positive
Love it — simple and reliable. Setup was easy.,Positive
"Average product, meets basic needs. Good packaging.",Neutral
"Works as advertised, excellent quality.",Positive
Impressed with the quality and performance.,Positive
"Great item, highly recommend. Battery life is decent.",Positive
I regret buying this product. Setup was easy.,Negative
Decent for the price.,Neutral
"Solid product, does the job well. Fast shipping.",Positive
"Five stars, no complaints.",Positive
"Average product, meets basic needs. Fast shipping.",Neutral
"Very disappointed, would not recommend. Fast shipping.",Negative
Fantastic! Value for money.,Positive
Works but has some minor issues. Setup was easy.,Neutral
Very satisfied with the purchase.,Positive
"Great product, highly recommend. Good packaging.",Positive
Good build and fast delivery.,Positive
Love it — simple and reliable.,Positive
"It's okay, nothing special. Battery life is decent.",Neutral
"Poor quality, not worth the price.",Negative
"Great product, highly recommend. Setup was easy.",Positive
Decent for the price.,Neutral
Impressed with the quality and performance.,Positive
